,Y,X1,X2,X3
0,-6.852697135048035,-60.0,3.6,-2.16
1,-6.887754731070908,-59.7,3.56409,-2.12776173
2,-5.4902393357633175,-59.400000000000006,3.5283600000000006,-2.0958458400000004
3,-6.91285349410012,-59.10000000000001,3.492810000000001,-2.064250710000001
4,-5.121869744869425,-58.80000000000001,3.4574400000000014,-2.0329747200000012
5,-5.592791781094394,-58.500000000000014,3.422250000000002,-2.0020162500000014
6,-6.416245506993544,-58.20000000000002,3.387240000000002,-1.971373680000002
7,-5.262668311625736,-57.90000000000002,3.352410000000002,-1.941045390000002
8,-6.732664620640994,-57.60000000000002,3.3177600000000025,-1.9110297600000024
9,-5.76304254547383,-57.300000000000026,3.283290000000003,-1.8813251700000027
10,-5.739243678680264,-57.00000000000003,3.249000000000003,-1.8519300000000025
11,-5.454449550956766,-56.70000000000003,3.2148900000000036,-1.822842630000003
12,-5.154620669957152,-56.400000000000034,3.180960000000004,-1.7940614400000032
13,-4.389975659595641,-56.10000000000004,3.1472100000000043,-1.7655848100000036
14,-5.927268466739302,-55.80000000000004,3.1136400000000046,-1.7374111200000038
15,-5.539852238520709,-55.50000000000004,3.0802500000000044,-1.7095387500000039
16,-4.731612661190849,-55.200000000000045,3.047040000000005,-1.6819660800000042
17,-5.30646908311655,-54.90000000000005,3.014010000000005,-1.6546914900000045
18,-5.0708464775370805,-54.60000000000005,2.981160000000006,-1.6277133600000047
19,-5.79058964578799,-54.300000000000054,2.948490000000006,-1.6010300700000049
20,-4.944544511477063,-54.00000000000006,2.9160000000000066,-1.5746400000000051
21,-5.3076843645067475,-53.70000000000006,2.8836900000000063,-1.5485415300000052
22,-4.6244808889057065,-53.40000000000006,2.8515600000000068,-1.5227330400000052
23,-4.505181738950947,-53.100000000000065,2.819610000000007,-1.4972129100000056
24,-3.7932476306127603,-52.80000000000007,2.787840000000007,-1.4719795200000056
25,-4.215404925513961,-52.50000000000007,2.756250000000007,-1.4470312500000058
26,-3.782725016311016,-52.200000000000074,2.724840000000008,-1.4223664800000062
27,-5.17205095295037,-51.90000000000008,2.693610000000008,-1.3979835900000062
28,-4.074660972216102,-51.60000000000008,2.662560000000008,-1.3738809600000064
29,-4.704407668563772,-51.30000000000008,2.6316900000000083,-1.3500569700000062
30,-6.20289198111175,-51.000000000000085,2.601000000000009,-1.3265100000000067
31,-4.82823808006307,-50.70000000000009,2.570490000000009,-1.3032384300000068
32,-4.239189868054176,-50.40000000000009,2.540160000000009,-1.2802406400000068
33,-3.8092232796950984,-50.100000000000094,2.510010000000009,-1.257515010000007
34,-4.207901223234861,-49.8000000000001,2.4800400000000096,-1.2350599200000072
35,-4.557867217759664,-49.5000000000001,2.45025000000001,-1.2128737500000075
36,-4.424430468670451,-49.2000000000001,2.42064000000001,-1.1909548800000074
37,-3.440468654329965,-48.900000000000105,2.3912100000000107,-1.1693016900000077
38,-3.9598679644382146,-48.60000000000011,2.3619600000000105,-1.1479125600000077
39,-3.6394334950542087,-48.30000000000011,2.3328900000000106,-1.126785870000008
40,-4.127148141932531,-48.000000000000114,2.304000000000011,-1.1059200000000078
41,-3.1560863212730257,-47.70000000000012,2.275290000000011,-1.085313330000008
42,-3.465724889598889,-47.40000000000012,2.246760000000011,-1.064964240000008
43,-3.9249751412831735,-47.10000000000012,2.2184100000000115,-1.044871110000008
44,-3.349587438625173,-46.800000000000125,2.1902400000000117,-1.0250323200000082
45,-3.549501735706413,-46.50000000000013,2.1622500000000118,-1.0054462500000083
46,-3.2578351162812216,-46.20000000000013,2.1344400000000117,-0.9861112800000083
47,-4.0639507064942775,-45.900000000000134,2.1068100000000123,-0.9670257900000084
48,-3.132094741779427,-45.600000000000136,2.0793600000000123,-0.9481881600000085
49,-2.6066240851356457,-45.30000000000014,2.0520900000000126,-0.9295967700000085
50,-2.586328745014265,-45.00000000000014,2.025000000000013,-0.9112500000000086
51,-2.8286495493488695,-44.700000000000145,1.9980900000000128,-0.8931462300000087
52,-3.6785631600992574,-44.40000000000015,1.971360000000013,-0.8752838400000088
53,-3.5758701346927437,-44.10000000000015,1.9448100000000133,-0.8576612100000088
54,-3.9059043527522017,-43.80000000000015,1.9184400000000135,-0.8402767200000087
55,-3.452126713249112,-43.500000000000156,1.8922500000000135,-0.8231287500000088
56,-2.9334387636406,-43.20000000000016,1.8662400000000137,-0.8062156800000089
57,-3.804556987139681,-42.90000000000016,1.8404100000000139,-0.7895358900000089
58,-2.91346627886477,-42.600000000000165,1.8147600000000141,-0.773087760000009
59,-2.93350887405196,-42.30000000000017,1.7892900000000143,-0.756869670000009
60,-3.3661825756413126,-42.00000000000017,1.7640000000000142,-0.740880000000009
61,-3.0556876599618086,-41.70000000000017,1.7388900000000145,-0.7251171300000091
62,-2.2328110166928234,-41.400000000000176,1.7139600000000146,-0.709579440000009
63,-1.1021049918565056,-41.10000000000018,1.6892100000000148,-0.694265310000009
64,-2.469623300245077,-40.80000000000018,1.6646400000000148,-0.6791731200000091
65,-3.1938374455960514,-40.500000000000185,1.640250000000015,-0.6643012500000092
66,-1.7097458148833475,-40.20000000000019,1.616040000000015,-0.6496480800000091
67,-2.3126127888736168,-39.90000000000019,1.5920100000000152,-0.635211990000009
68,-1.903868705040987,-39.60000000000019,1.5681600000000153,-0.6209913600000091
69,-2.8809223522225578,-39.300000000000196,1.5444900000000155,-0.6069845700000092
70,-1.97918192903024,-39.0000000000002,1.5210000000000155,-0.593190000000009
71,-2.1168329069137295,-38.7000000000002,1.4976900000000155,-0.5796060300000091
72,-1.544382921604114,-38.400000000000205,1.4745600000000156,-0.566231040000009
73,-0.820793745206985,-38.10000000000021,1.4516100000000158,-0.553063410000009
74,-1.229543331584329,-37.80000000000021,1.4288400000000159,-0.540101520000009
75,-1.4289897777690155,-37.50000000000021,1.406250000000016,-0.527343750000009
76,-0.7886699356383976,-37.200000000000216,1.3838400000000162,-0.514788480000009
77,-1.987694314022571,-36.90000000000022,1.361610000000016,-0.5024340900000088
78,-0.8226686532524332,-36.60000000000022,1.3395600000000163,-0.490278960000009
79,-2.2957124349466356,-36.300000000000225,1.3176900000000162,-0.47832147000000885
80,-1.9812738691232143,-36.00000000000023,1.2960000000000165,-0.46656000000000886
81,-1.7724812259019567,-35.70000000000023,1.2744900000000163,-0.4549929300000088
82,-1.4434483399308544,-35.40000000000023,1.2531600000000165,-0.4436186400000087
83,-2.5867238632725513,-35.100000000000236,1.2320100000000165,-0.43243551000000874
84,-1.1678372467699643,-34.80000000000024,1.2110400000000165,-0.4214419200000087
85,-1.4420630253747435,-34.50000000000024,1.1902500000000167,-0.4106362500000086
86,-1.8155806452390129,-34.200000000000244,1.1696400000000167,-0.4000168800000086
87,-1.6889564043926641,-33.90000000000025,1.149210000000017,-0.38958219000000854
88,-0.23550347153809617,-33.60000000000025,1.1289600000000168,-0.3793305600000085
89,-2.5870344317082936,-33.30000000000025,1.108890000000017,-0.3692603700000084
90,-1.323907723424209,-33.000000000000256,1.0890000000000168,-0.35937000000000835
91,0.554441769173859,-32.70000000000026,1.069290000000017,-0.34965783000000833
92,-0.851139250329518,-32.40000000000026,1.0497600000000171,-0.34012224000000824
93,-2.153658229462491,-32.100000000000264,1.030410000000017,-0.33076161000000814
94,-0.7835036663272771,-31.800000000000267,1.011240000000017,-0.3215743200000081
95,-2.5648944679547094,-31.50000000000027,0.9922500000000171,-0.31255875000000805
96,-1.1155194267573976,-31.200000000000273,0.973440000000017,-0.30371328000000797
97,-0.9963248571691806,-30.900000000000276,0.954810000000017,-0.2950362900000079
98,-0.5623139837710143,-30.60000000000028,0.9363600000000171,-0.28652616000000786
99,-0.8241155149103446,-30.30000000000028,0.9180900000000171,-0.27818127000000775
100,-0.6607973447047794,-30.000000000000284,0.900000000000017,-0.2700000000000077
101,-1.1999533678285346,-29.700000000000287,0.8820900000000171,-0.2619807300000076
102,-0.11908095904519883,-29.40000000000029,0.8643600000000171,-0.2541218400000075
103,-0.6674442139070913,-29.100000000000293,0.846810000000017,-0.24642171000000745
104,-0.9375021860699859,-28.800000000000296,0.8294400000000169,-0.23887872000000734
105,-0.8247198399640847,-28.5000000000003,0.812250000000017,-0.23149125000000728
106,-0.6081853648872427,-28.2000000000003,0.7952400000000169,-0.22425768000000718
107,-0.5675913407506432,-27.900000000000304,0.778410000000017,-0.21717639000000713
108,-2.0076713801983668,-27.600000000000307,0.761760000000017,-0.210245760000007
109,-1.260784337304509,-27.30000000000031,0.7452900000000169,-0.20346417000000694
110,-0.9065072870204819,-27.000000000000313,0.729000000000017,-0.19683000000000683
111,-1.5348035204816792,-26.700000000000315,0.7128900000000168,-0.19034163000000673
112,-1.1633443056963406,-26.40000000000032,0.6969600000000169,-0.18399744000000667
113,-1.326470845890061,-26.10000000000032,0.6812100000000167,-0.17779581000000658
114,-0.9519473173102434,-25.800000000000324,0.6656400000000167,-0.17173512000000646
115,-1.5629723184067705,-25.500000000000327,0.6502500000000168,-0.1658137500000064
116,-1.6028279591784858,-25.20000000000033,0.6350400000000166,-0.16003008000000626
117,-0.3632359013741847,-24.900000000000333,0.6200100000000166,-0.1543824900000062
118,-0.41828285519016845,-24.600000000000335,0.6051600000000165,-0.14886936000000608
119,0.2229716082833577,-24.300000000000338,0.5904900000000165,-0.14348907000000602
120,-1.1214398491553683,-24.00000000000034,0.5760000000000164,-0.13824000000000589
121,0.19653662224346544,-23.700000000000344,0.5616900000000163,-0.1331205300000058
122,-1.3416730665827235,-23.400000000000347,0.5475600000000163,-0.1281290400000057
123,-0.21925779764968967,-23.10000000000035,0.5336100000000161,-0.1232639100000056
124,-1.368649180588396,-22.800000000000352,0.5198400000000161,-0.1185235200000055
125,-1.0384016793073356,-22.500000000000355,0.506250000000016,-0.11390625000000539
126,-0.4962879476212819,-22.200000000000358,0.4928400000000159,-0.1094104800000053
127,0.20359803839687243,-21.90000000000036,0.4796100000000158,-0.10503459000000519
128,-1.0587549024421623,-21.600000000000364,0.4665600000000157,-0.10077696000000509
129,-1.4642417876350242,-21.300000000000367,0.45369000000001564,-0.096635970000005
130,-0.8428738432989455,-21.00000000000037,0.4410000000000155,-0.0926100000000049
131,-1.2616873439911054,-20.700000000000372,0.4284900000000154,-0.08869743000000478
132,-0.8642082581326943,-20.400000000000375,0.4161600000000153,-0.08489664000000469
133,-0.9690139593320923,-20.100000000000378,0.4040100000000152,-0.08120601000000457
134,-0.3783642919630823,-19.80000000000038,0.3920400000000151,-0.07762392000000448
135,-1.2068126771020293,-19.500000000000384,0.38025000000001496,-0.07414875000000437
136,-0.24510222895975817,-19.200000000000387,0.36864000000001484,-0.07077888000000428
137,-0.10087342474924942,-18.90000000000039,0.3572100000000147,-0.06751269000000416
138,-0.6427798971325533,-18.600000000000392,0.3459600000000146,-0.06434856000000407
139,-0.6846721887330479,-18.300000000000395,0.33489000000001445,-0.061284870000003974
140,0.2523534441413507,-18.000000000000398,0.32400000000001433,-0.05832000000000387
141,0.519980237377677,-17.7000000000004,0.31329000000001417,-0.05545233000000377
142,-1.4983844048829371,-17.400000000000404,0.302760000000014,-0.05268024000000366
143,-0.8299278972482294,-17.100000000000406,0.2924100000000139,-0.05000211000000357
144,-0.32598595785474127,-16.80000000000041,0.28224000000001376,-0.04741632000000347
145,0.1444612331466571,-16.500000000000412,0.2722500000000136,-0.04492125000000337
146,-0.44760585043608025,-16.200000000000415,0.2624400000000135,-0.04251528000000327
147,0.3422569366274086,-15.900000000000418,0.2528100000000133,-0.04019679000000317
148,0.33565434887434165,-15.60000000000042,0.24336000000001312,-0.03796416000000307
149,-0.05056591398509101,-15.300000000000423,0.23409000000001295,-0.035815770000002974
150,-0.30850535942012963,-15.000000000000426,0.2250000000000128,-0.03375000000000288
151,-1.1022506050297576,-14.70000000000043,0.21609000000001263,-0.03176523000000279
152,0.635386330105949,-14.400000000000432,0.20736000000001242,-0.029859840000002687
153,0.25221243288980416,-14.100000000000435,0.19881000000001225,-0.028032210000002594
154,-0.8844703700501764,-13.800000000000438,0.19044000000001207,-0.026280720000002502
155,-0.053091324537568055,-13.50000000000044,0.1822500000000119,-0.024603750000002412
156,-0.1597960826061364,-13.200000000000443,0.17424000000001172,-0.02299968000000232
157,-0.8718968013845265,-12.900000000000446,0.16641000000001152,-0.021466890000002226
158,0.3845029008123764,-12.600000000000449,0.1587600000000113,-0.020003760000002136
159,-0.14293035134731122,-12.300000000000452,0.1512900000000111,-0.01860867000000205
160,-0.4639728439464873,-12.000000000000455,0.14400000000001092,-0.017280000000001964
161,-0.5356647267895029,-11.700000000000458,0.1368900000000107,-0.01601613000000188
162,-0.35585075925909393,-11.40000000000046,0.12996000000001048,-0.014815440000001795
163,-1.4059113742759282,-11.100000000000463,0.12321000000001028,-0.013676310000001713
164,-0.06973276874380836,-10.800000000000466,0.11664000000001006,-0.01259712000000163
165,0.5020873570709756,-10.500000000000469,0.11025000000000985,-0.01157625000000155
166,0.5108184254904462,-10.200000000000472,0.10404000000000962,-0.010612080000001472
167,0.6503728476233842,-9.900000000000475,0.0980100000000094,-0.009702990000001396
168,-0.28426650579783236,-9.600000000000477,0.09216000000000917,-0.00884736000000132
169,-0.16618849571719008,-9.30000000000048,0.08649000000000893,-0.008043570000001245
170,-0.32980832262986315,-9.000000000000483,0.0810000000000087,-0.007290000000001174
171,-0.6609077358309183,-8.700000000000486,0.07569000000000846,-0.006585030000001103
172,-0.4881992471064976,-8.400000000000489,0.07056000000000821,-0.005927040000001035
173,-0.19067899981915787,-8.100000000000492,0.06561000000000797,-0.005314410000000967
174,-0.18046166516595316,-7.8000000000004945,0.060840000000007714,-0.0047455200000009025
175,0.4250635764802206,-7.500000000000497,0.05625000000000746,-0.00421875000000084
176,-0.9987510063020573,-7.2000000000005,0.0518400000000072,-0.0037324800000007774
177,0.4742194625224495,-6.900000000000503,0.04761000000000694,-0.0032850900000007187
178,0.11085493115143022,-6.600000000000506,0.043560000000006684,-0.0028749600000006616
179,-0.11976629267233989,-6.300000000000509,0.03969000000000641,-0.0025004700000006057
180,-0.06116621817231838,-6.000000000000512,0.03600000000000614,-0.0021600000000005525
181,-0.790636961478275,-5.700000000000514,0.03249000000000586,-0.0018519300000005014
182,0.23817941227194456,-5.400000000000517,0.029160000000005584,-0.0015746400000004525
183,-1.2708374740899806,-5.10000000000052,0.026010000000005307,-0.001326510000000406
184,-0.006866866135560144,-4.800000000000523,0.02304000000000502,-0.0011059200000003613
185,-0.336131350872383,-4.500000000000526,0.020250000000004733,-0.0009112500000003195
186,0.37640618820501737,-4.200000000000529,0.01764000000000444,-0.0007408800000002798
187,-0.9601680915373968,-3.9000000000005315,0.015210000000004146,-0.0005931900000002425
188,-0.8753985480721918,-3.6000000000005343,0.012960000000003847,-0.00046656000000020777
189,-0.35700893456397353,-3.300000000000537,0.010890000000003546,-0.00035937000000017556
190,-0.7808679108103111,-3.00000000000054,0.00900000000000324,-0.00027000000000014583
191,0.31298815854675,-2.700000000000543,0.007290000000002931,-0.0001968300000001187
192,-1.038690483905258,-2.4000000000005457,0.005760000000002619,-0.00013824000000009428
193,-0.6166001180655997,-2.1000000000005485,0.0044100000000023044,-9.261000000007257e-05
194,-0.5322417811991221,-1.8000000000005514,0.0032400000000019848,-5.832000000005359e-05
195,-0.8100974855656878,-1.5000000000005542,0.0022500000000016626,-3.375000000003741e-05
196,-0.5522156149711729,-1.200000000000557,0.001440000000001337,-1.7280000000024066e-05
197,-0.053683427818145085,-0.9000000000005599,0.0008100000000010078,-7.2900000000136055e-06
198,0.6027685361933233,-0.6000000000005627,0.00036000000000067526,-2.1600000000060775e-06
199,-0.3593625692638306,-0.3000000000005656,9.000000000033935e-05,-2.7000000000152705e-07
200,0.057874216375803436,-5.684341886080801e-13,3.2311742677852645e-28,-1.8367099231598243e-42
201,0.16237514015731955,0.2999999999994287,8.999999999965724e-05,2.6999999999845756e-07
202,-0.0898487561151123,0.5999999999994259,0.000359999999999311,2.1599999999937994e-06
203,0.12405904614194284,0.899999999999423,0.0008099999999989614,7.2899999999859796e-06
204,0.3606936509105538,1.1999999999994202,0.0014399999999986084,1.7279999999974952e-05
205,0.5378363251968611,1.4999999999994174,0.002249999999998252,3.374999999996067e-05
206,1.022000488126732,1.7999999999994145,0.003239999999997892,5.8319999999943083e-05
207,-0.5276666777743985,2.0999999999994117,0.00440999999999753,9.260999999992216e-05
208,-0.04671382265545704,2.399999999999409,0.005759999999997162,0.00013823999999989785
209,0.9415817130959426,2.699999999999406,0.007289999999996792,0.00019682999999987008
210,1.2575853674654696,2.999999999999403,0.008999999999996419,0.00026999999999983884
211,1.5475185229795634,3.2999999999994003,0.010889999999996043,0.00035936999999980405
212,-0.2615117514828192,3.5999999999993975,0.01295999999999566,0.00046655999999976574
213,0.882737812128372,3.8999999999993946,0.015209999999995278,0.0005931899999997238
214,-0.017056573097045984,4.199999999999392,0.017639999999994892,0.0007408799999996782
215,0.002180153307751201,4.499999999999389,0.0202499999999945,0.0009112499999996288
216,-0.27244358194405216,4.799999999999386,0.023039999999994107,0.0011059199999995757
217,-0.7658599302046842,5.099999999999383,0.02600999999999371,0.0013265099999995185
218,-0.4922869888562396,5.39999999999938,0.029159999999993306,0.0015746399999994579
219,-1.3239206240548147,5.699999999999378,0.032489999999992906,0.0018519299999993934
220,-0.331158364144976,5.999999999999375,0.035999999999992496,0.002159999999999325
221,-0.16428770153643882,6.299999999999372,0.03968999999999208,0.0025004699999992518
222,-0.47166545565907375,6.599999999999369,0.043559999999991675,0.0028749599999991758
223,0.23646693122948811,6.899999999999366,0.04760999999999125,0.0032850899999990945
224,-0.2786196112377769,7.199999999999363,0.05183999999999083,0.0037324799999990097
225,-0.45309146291992064,7.4999999999993605,0.056249999999990405,0.004218749999998921
226,0.5049790054885733,7.799999999999358,0.06083999999998998,0.004745519999998828
227,-0.7295391934732997,8.099999999999355,0.06560999999998955,0.0053144099999987305
228,0.9449093240729847,8.399999999999352,0.07055999999998912,0.0059270399999986284
229,-0.586243171921942,8.69999999999935,0.07568999999998867,0.0065850299999985215
230,-0.2487704547436296,8.999999999999346,0.08099999999998823,0.0072899999999984115
231,0.7489258205973236,9.299999999999343,0.08648999999998778,0.008043569999998296
232,1.323987264234748,9.59999999999934,0.09215999999998734,0.008847359999998177
233,0.6661228963864217,9.899999999999338,0.09800999999998689,0.009702989999998054
234,-0.2502230090373886,10.199999999999335,0.10403999999998643,0.010612079999997925
235,-0.30860705940095395,10.499999999999332,0.11024999999998597,0.01157624999999779
236,0.34516301575501107,10.79999999999933,0.1166399999999855,0.012597119999997651
237,0.8134777844050007,11.099999999999326,0.12320999999998504,0.01367630999999751
238,0.06612411556577996,11.399999999999324,0.1299599999999846,0.014815439999997364
239,-0.021818717659763266,11.69999999999932,0.1368899999999841,0.01601612999999721
240,0.29971334039241787,11.999999999999318,0.14399999999998364,0.017279999999997055
241,0.37077982010331134,12.299999999999315,0.15128999999998313,0.01860866999999689
242,-0.10713144691264975,12.599999999999312,0.15875999999998266,0.020003759999996724
243,0.06536189675814744,12.89999999999931,0.16640999999998218,0.02146688999999655
244,-0.7796285903535364,13.199999999999307,0.17423999999998172,0.02299967999999638
245,-0.4239908755977691,13.499999999999304,0.1822499999999812,0.024603749999996195
246,-0.21634691257173472,13.7999999999993,0.1904399999999807,0.026280719999996004
247,0.16267418456248064,14.099999999999298,0.1988099999999802,0.02803220999999581
248,-0.5221767258223037,14.399999999999295,0.2073599999999797,0.029859839999995617
249,-0.7362701471228733,14.699999999999292,0.2160899999999792,0.03176522999999541
250,-0.5745033817826631,14.99999999999929,0.2249999999999787,0.0337499999999952
251,-0.5809900493882145,15.299999999999287,0.23408999999997818,0.035815769999994994
252,-0.26120114188682236,15.599999999999284,0.24335999999997765,0.037964159999994765
253,0.5002055488491219,15.899999999999281,0.2528099999999771,0.04019678999999454
254,1.037916371041809,16.199999999999278,0.26243999999997664,0.04251527999999432
255,0.21034072977301452,16.499999999999275,0.27224999999997607,0.04492124999999408
256,0.18829390368560828,16.799999999999272,0.28223999999997557,0.047416319999993836
257,-0.6037830007590014,17.09999999999927,0.292409999999975,0.05000210999999359
258,-0.8647376474551519,17.399999999999267,0.3027599999999745,0.052680239999993335
259,-0.2115198539428713,17.699999999999264,0.3132899999999739,0.05545232999999308
260,-0.8431937936696372,17.99999999999926,0.3239999999999734,0.058319999999992815
261,-1.234790807483537,18.299999999999258,0.3348899999999729,0.06128486999999255
262,-0.051036539926395875,18.599999999999255,0.3459599999999723,0.06434855999999227
263,-0.1878988617504533,18.899999999999253,0.3572099999999717,0.06751268999999199
264,-0.15084070262063606,19.19999999999925,0.36863999999997116,0.07077887999999169
265,-0.5397427894506834,19.499999999999247,0.3802499999999706,0.07414874999999141
266,-0.3089545513454017,19.799999999999244,0.3920399999999701,0.07762391999999112
267,0.20429801971758355,20.09999999999924,0.40400999999996945,0.0812060099999908
268,1.191867372562075,20.39999999999924,0.41615999999996894,0.08489663999999049
269,0.9610665241516562,20.699999999999235,0.42848999999996834,0.08869742999999017
270,0.21467512569813982,20.999999999999233,0.44099999999996775,0.09260999999998985
271,0.2187493596350668,21.29999999999923,0.4536899999999672,0.09663596999998952
272,-0.1907386946024882,21.599999999999227,0.46655999999996656,0.10077695999998917
273,-0.07093556907476241,21.899999999999224,0.479609999999966,0.10503458999998884
274,0.3064015175569125,22.19999999999922,0.4928399999999654,0.10941047999998849
275,0.10784386635111011,22.49999999999922,0.5062499999999648,0.11390624999998812
276,0.7067950122895648,22.799999999999216,0.5198399999999642,0.11852351999998777
277,-0.30767462830483666,23.099999999999213,0.5336099999999636,0.12326390999998739
278,-0.2673662929962311,23.39999999999921,0.547559999999963,0.128129039999987
279,-0.43239708042023367,23.699999999999207,0.5616899999999624,0.13312052999998664
280,0.7024250196071214,23.999999999999204,0.5759999999999618,0.13823999999998624
281,0.6367540277617123,24.2999999999992,0.5904899999999612,0.14348906999998587
282,0.5319535085348887,24.5999999999992,0.6051599999999605,0.14886935999998543
283,0.5381009258702141,24.899999999999196,0.62000999999996,0.15438248999998505
284,0.9328062976118499,25.199999999999193,0.6350399999999593,0.16003007999998461
285,0.3375316369442058,25.49999999999919,0.6502499999999587,0.16581374999998422
286,-0.1299311948135788,25.799999999999187,0.665639999999958,0.17173511999998375
287,-0.3952391949607099,26.099999999999184,0.6812099999999573,0.17779580999998332
288,0.13173099416127654,26.39999999999918,0.6969599999999568,0.1839974399999829
289,0.15481401954017507,26.69999999999918,0.7128899999999561,0.19034162999998244
290,-0.0566231795901067,26.999999999999176,0.7289999999999556,0.196829999999982
291,-0.4242847859497551,27.299999999999173,0.7452899999999548,0.2034641699999815
292,-0.1241485536329458,27.59999999999917,0.7617599999999541,0.21024575999998102
293,1.945144927487433,27.899999999999167,0.7784099999999536,0.21717638999998057
294,-0.09483477956865675,28.199999999999164,0.7952399999999529,0.22425767999998006
295,-0.5932456839740184,28.49999999999916,0.8122499999999523,0.23149124999997958
296,-0.10153621292816359,28.79999999999916,0.8294399999999515,0.23887871999997903
297,0.4943401472528569,29.099999999999156,0.8468099999999509,0.24642170999997856
298,1.0431445647964384,29.399999999999153,0.8643599999999502,0.25412183999997806
299,0.5705717326101281,29.69999999999915,0.8820899999999495,0.2619807299999775
300,-0.5669044691954255,29.999999999999147,0.8999999999999488,0.269999999999977
301,0.8769484224633713,30.299999999999145,0.9180899999999482,0.27818126999997644
302,-0.33674460335148887,30.59999999999914,0.9363599999999475,0.2865261599999759
303,0.7849935524218504,30.89999999999914,0.9548099999999468,0.29503628999997533
304,-0.57974690533869,31.199999999999136,0.973439999999946,0.3037132799999748
305,-0.3621035810947316,31.499999999999133,0.9922499999999455,0.3125587499999742
306,1.171642053071902,31.79999999999913,1.0112399999999446,0.3215743199999736
307,0.1928926478957633,32.09999999999913,1.0304099999999439,0.330761609999973
308,0.3620059705083743,32.399999999999125,1.0497599999999434,0.34012223999997243
309,-0.3152053644258548,32.69999999999912,1.0692899999999426,0.34965782999997186
310,0.5758970341718126,32.99999999999912,1.0889999999999418,0.3593699999999712
311,-0.09192014164966361,33.299999999999116,1.1088899999999413,0.36926036999997064
312,-0.38328313327055286,33.59999999999911,1.1289599999999405,0.37933055999997
313,0.7313336042972615,33.89999999999911,1.14920999999994,0.38958218999996935
314,0.13331824262010553,34.19999999999911,1.169639999999939,0.40001687999996866
315,0.9494268230249009,34.499999999999105,1.190249999999938,0.410636249999968
316,-0.29034849846706173,34.7999999999991,1.2110399999999375,0.4214419199999674
317,0.9989823821054692,35.0999999999991,1.2320099999999368,0.4324355099999667
318,0.3070888140638631,35.399999999999096,1.2531599999999359,0.44361863999996604
319,-0.032967720943090174,35.69999999999909,1.2744899999999353,0.4549929299999653
320,0.8321892033861293,35.99999999999909,1.2959999999999345,0.4665599999999646
321,-0.26605928263474604,36.29999999999909,1.3176899999999336,0.4783214699999639
322,1.0957456635057345,36.599999999999085,1.339559999999933,0.49027895999996324
323,0.9960758302037684,36.89999999999908,1.361609999999932,0.5024340899999624
324,-0.2769371876922337,37.19999999999908,1.3838399999999316,0.5147884799999618
325,0.9576795708354082,37.499999999999076,1.4062499999999307,0.527343749999961
326,1.1606759211260373,37.79999999999907,1.42883999999993,0.5401015199999603
327,0.9035771404364964,38.09999999999907,1.4516099999999292,0.5530634099999595
328,0.5816887236534977,38.39999999999907,1.4745599999999284,0.5662310399999587
329,0.0848174876480889,38.699999999999065,1.4976899999999276,0.579606029999958
330,1.6287018104514566,38.99999999999906,1.5209999999999269,0.5931899999999571
331,0.025544525163340836,39.29999999999906,1.5444899999999262,0.6069845699999564
332,1.4166288496393715,39.599999999999056,1.5681599999999252,0.6209913599999556
333,1.1246571257777391,39.899999999999054,1.5920099999999244,0.6352119899999549
334,0.8699566987138896,40.19999999999905,1.6160399999999235,0.6496480799999539
335,-0.13947948781695824,40.49999999999905,1.640249999999923,0.6643012499999531
336,0.8008943406396412,40.799999999999045,1.6646399999999222,0.6791731199999523
337,0.8029906516014162,41.09999999999904,1.6892099999999213,0.6942653099999516
338,0.6421733813279771,41.39999999999904,1.7139599999999204,0.7095794399999505
339,0.840071771639986,41.69999999999904,1.7388899999999197,0.7251171299999497
340,1.403348095743192,41.999999999999034,1.7639999999999187,0.7408799999999489
341,1.929708957219433,42.29999999999903,1.7892899999999181,0.756869669999948
342,0.31424379659238866,42.59999999999903,1.8147599999999173,0.7730877599999472
343,0.607101677315072,42.899999999999025,1.8404099999999164,0.7895358899999463
344,1.226489318942432,43.19999999999902,1.8662399999999155,0.8062156799999453
345,1.2045679636649211,43.49999999999902,1.8922499999999147,0.8231287499999445
346,1.1010744420863645,43.79999999999902,1.9184399999999138,0.8402767199999435
347,1.0895483362685214,44.099999999999014,1.944809999999913,0.8576612099999426
348,1.1550980877394823,44.39999999999901,1.971359999999912,0.8752838399999415
349,1.727347984181692,44.69999999999901,1.9980899999999113,0.8931462299999405
350,0.24750456442602126,44.999999999999005,2.02499999999991,0.9112499999999396
351,0.5039507647280238,45.299999999999,2.0520899999999096,0.9295967699999386
352,0.9257921756301095,45.599999999999,2.079359999999909,0.9481881599999377
353,0.8372605452393682,45.899999999999,2.106809999999908,0.9670257899999367
354,0.681237335593852,46.199999999998994,2.134439999999907,0.9861112799999355
355,0.34252822248352843,46.49999999999899,2.1622499999999065,1.0054462499999346
356,2.908552620671999,46.79999999999899,2.190239999999905,1.0250323199999336
357,0.932223791145166,47.099999999998985,2.2184099999999045,1.0448711099999324
358,1.529290234014474,47.39999999999898,2.2467599999999033,1.0649642399999313
359,1.354395779113196,47.69999999999898,2.275289999999903,1.0853133299999302
360,2.1790852244545285,47.99999999999898,2.3039999999999017,1.1059199999999292
361,2.150030428428685,48.299999999998974,2.332889999999901,1.126785869999928
362,0.9127144618916931,48.59999999999897,2.3619599999999,1.1479125599999271
363,0.730383272240225,48.89999999999897,2.3912099999998992,1.169301689999926
364,1.016550703378326,49.199999999998965,2.420639999999898,1.1909548799999248
365,1.7216585132543365,49.49999999999896,2.450249999999897,1.2128737499999238
366,0.9731132426250789,49.79999999999896,2.4800399999998963,1.2350599199999226
367,1.0008774292498326,50.09999999999896,2.5100099999998955,1.2575150099999215
368,2.1058443209329116,50.399999999998954,2.5401599999998945,1.2802406399999202
369,1.6255827157642073,50.69999999999895,2.570489999999894,1.3032384299999191
370,2.2405567660506867,50.99999999999895,2.6009999999998925,1.326509999999918
371,2.1744881925338615,51.299999999998946,2.631689999999892,1.3500569699999165
372,2.572830620645777,51.59999999999894,2.662559999999891,1.3738809599999156
373,1.5593560459860092,51.89999999999894,2.69360999999989,1.3979835899999145
374,2.0471506356956635,52.19999999999894,2.7248399999998894,1.4223664799999132
375,3.0831766488559214,52.499999999998934,2.756249999999888,1.4470312499999118
376,2.154696084564516,52.79999999999893,2.7878399999998873,1.4719795199999108
377,1.0491648043807904,53.09999999999893,2.819609999999886,1.4972129099999092
378,1.9259268110779555,53.399999999998926,2.8515599999998855,1.5227330399999082
379,1.0345226176483515,53.69999999999892,2.883689999999884,1.5485415299999068
380,2.7652245357192706,53.99999999999892,2.9159999999998836,1.5746399999999057
381,2.25910521248546,54.29999999999892,2.9484899999998824,1.6010300699999043
382,1.8151381046931057,54.599999999998914,2.9811599999998815,1.627713359999903
383,2.28844604468695,54.89999999999891,3.014009999999881,1.6546914899999017
384,2.5981580519038716,55.19999999999891,3.0470399999998796,1.6819660799999003
385,1.7694359131233508,55.499999999998906,3.0802499999998787,1.709538749999899
386,2.3717919663642943,55.7999999999989,3.1136399999998776,1.7374111199998974
387,3.5052612657416202,56.0999999999989,3.147209999999877,1.7655848099998963
388,3.302105491733765,56.3999999999989,3.1809599999998754,1.7940614399998946
389,1.7959392773750884,56.699999999998894,3.214889999999875,1.8228426299998934
390,2.0903651528991403,56.99999999999889,3.2489999999998735,1.851929999999892
391,2.527559475348588,57.29999999999889,3.2832899999998726,1.8813251699998905
392,2.776368034178184,57.599999999998886,3.3177599999998715,1.911029759999889
393,2.8710257166260007,57.89999999999888,3.3524099999998707,1.9410453899998876
394,2.260859015165506,58.19999999999888,3.3872399999998697,1.9713736799998864
395,3.05026075714977,58.49999999999888,3.4222499999998686,2.0020162499998846
396,2.052544834249197,58.799999999998875,3.4574399999998677,2.0329747199998836
397,2.631510415218532,59.09999999999887,3.4928099999998667,2.064250709999882
398,3.1685515381701532,59.39999999999887,3.5283599999998656,2.09584583999988
399,2.9622960264179055,59.699999999998866,3.5640899999998648,2.127761729999879
